dataset,norm_mode,algorithm,run,seed,gamma,acc,nmi,ari,runtime_s
glass+identification,center,kmeans,1,42,,54.2056,42.6463,27.3885,0.0176
glass+identification,center,kmeans,2,43,,54.2056,39.8524,24.7080,0.0012
glass+identification,center,kmeans,3,44,,52.3364,37.7644,26.3100,0.0012
glass+identification,center,kmeans,4,45,,54.2056,39.9562,26.3758,0.0010
glass+identification,center,kmeans,5,46,,54.6729,38.5140,26.1768,0.0010
glass+identification,center,diskmeans,1,42,10000.0,53.7383,42.3128,27.1202,0.0028
glass+identification,center,diskmeans,2,43,10000.0,52.3364,38.4887,26.5571,0.0024
glass+identification,center,diskmeans,3,44,10000.0,54.2056,42.7716,27.0195,0.0029
glass+identification,center,diskmeans,4,45,10000.0,52.3364,39.2266,26.7385,0.0027
glass+identification,center,diskmeans,5,46,10000.0,46.2617,35.6170,20.9592,0.0019
glass+identification,center,fdkm,1,42,10000.0,54.2056,42.7716,27.0195,0.0208
glass+identification,center,fdkm,2,43,10000.0,52.3364,38.8606,26.0825,0.0262
glass+identification,center,fdkm,3,44,10000.0,52.3364,38.8606,26.0825,0.0134
glass+identification,center,fdkm,4,45,10000.0,54.2056,42.7716,27.0195,0.0131
glass+identification,center,fdkm,5,46,10000.0,54.2056,42.7716,27.0195,0.0161
glass+identification,center,ifdkm,1,42,10000.0,54.2056,42.2808,28.0876,0.0205
glass+identification,center,ifdkm,2,43,10000.0,53.2710,35.8499,24.1375,0.0208
glass+identification,center,ifdkm,3,44,10000.0,54.2056,42.7716,27.0195,0.0303
glass+identification,center,ifdkm,4,45,10000.0,52.3364,38.8772,26.8519,0.0409
glass+identification,center,ifdkm,5,46,10000.0,53.7383,42.4370,26.7519,0.0229
glass+identification,center,ifdfd,1,42,10000.0,54.2056,42.7716,27.0195,0.0301
glass+identification,center,ifdfd,2,43,10000.0,52.3364,38.8772,26.8519,0.0441
glass+identification,center,ifdfd,3,44,10000.0,54.2056,42.7716,27.0195,0.0344
glass+identification,center,ifdfd,4,45,10000.0,52.3364,38.8772,26.8519,0.0413
glass+identification,center,ifdfd,5,46,10000.0,54.2056,42.7716,27.0195,0.0468
glass+identification,standardize,kmeans,1,42,,43.4579,30.5413,16.7988,0.0120
glass+identification,standardize,kmeans,2,43,,46.2617,31.8751,17.4982,0.0106
glass+identification,standardize,kmeans,3,44,,42.5234,28.5565,15.6162,0.0108
glass+identification,standardize,kmeans,4,45,,50.9346,43.2769,25.5715,0.0090
glass+identification,standardize,kmeans,5,46,,42.9907,33.6481,17.0076,0.0079
glass+identification,standardize,diskmeans,1,42,10000.0,45.7944,36.2619,18.9716,0.0050
glass+identification,standardize,diskmeans,2,43,10000.0,45.7944,32.9341,17.8598,0.0015
glass+identification,standardize,diskmeans,3,44,10000.0,45.7944,32.5310,17.0294,0.0028
glass+identification,standardize,diskmeans,4,45,10000.0,44.3925,34.1130,17.9624,0.0016
glass+identification,standardize,diskmeans,5,46,10000.0,46.2617,32.8908,17.6866,0.0016
glass+identification,standardize,fdkm,1,42,10000.0,45.3271,31.4626,16.9864,0.0238
glass+identification,standardize,fdkm,2,43,10000.0,44.8598,31.6543,15.9922,0.0268
glass+identification,standardize,fdkm,3,44,10000.0,44.8598,31.6543,15.9922,0.0174
glass+identification,standardize,fdkm,4,45,10000.0,46.7290,31.7235,17.1892,0.0148
glass+identification,standardize,fdkm,5,46,10000.0,46.7290,31.7235,17.1892,0.0133
glass+identification,standardize,ifdkm,1,42,10000.0,44.8598,33.6713,17.7785,0.0304
glass+identification,standardize,ifdkm,2,43,10000.0,41.5888,27.1374,14.0200,0.0304
glass+identification,standardize,ifdkm,3,44,10000.0,43.9252,32.1654,17.1401,0.0208
glass+identification,standardize,ifdkm,4,45,10000.0,45.3271,33.1348,17.4176,0.0181
glass+identification,standardize,ifdkm,5,46,10000.0,46.7290,32.8620,17.4310,0.0205
glass+identification,standardize,ifdfd,1,42,10000.0,46.7290,31.7235,17.1892,0.0466
glass+identification,standardize,ifdfd,2,43,10000.0,41.5888,27.1374,14.0200,0.0340
glass+identification,standardize,ifdfd,3,44,10000.0,45.3271,31.4626,16.9864,0.0302
glass+identification,standardize,ifdfd,4,45,10000.0,46.7290,31.7235,17.1892,0.0243
glass+identification,standardize,ifdfd,5,46,10000.0,45.3271,31.4626,16.9864,0.0315
glass+identification,pca_whiten,kmeans,1,42,,39.7196,27.9163,14.8891,0.0162
glass+identification,pca_whiten,kmeans,2,43,,44.8598,30.8531,17.5573,0.0164
glass+identification,pca_whiten,kmeans,3,44,,39.7196,24.8618,13.9628,0.0106
glass+identification,pca_whiten,kmeans,4,45,,45.7944,32.2952,16.3389,0.0016
glass+identification,pca_whiten,kmeans,5,46,,42.9907,33.1371,18.1586,0.0009
glass+identification,pca_whiten,diskmeans,1,42,1e-08,39.2523,22.8650,12.7684,0.0023
glass+identification,pca_whiten,diskmeans,2,43,1e-08,40.6542,28.4032,15.4153,0.0025
glass+identification,pca_whiten,diskmeans,3,44,1e-08,40.1869,28.1296,16.7232,0.0025
glass+identification,pca_whiten,diskmeans,4,45,1e-08,38.7850,26.4564,13.4603,0.0026
glass+identification,pca_whiten,diskmeans,5,46,1e-08,38.7850,29.5116,15.7613,0.0023
glass+identification,pca_whiten,fdkm,1,42,10000.0,51.4019,33.9492,21.9219,0.0399
glass+identification,pca_whiten,fdkm,2,43,10000.0,42.9907,28.3283,14.8064,0.0315
glass+identification,pca_whiten,fdkm,3,44,10000.0,46.7290,35.2137,21.4424,0.0145
glass+identification,pca_whiten,fdkm,4,45,10000.0,46.2617,25.6995,15.5340,0.0366
glass+identification,pca_whiten,fdkm,5,46,10000.0,42.0561,29.6146,15.2611,0.0670
glass+identification,pca_whiten,ifdkm,1,42,1e-08,39.7196,23.7159,12.4054,0.0281
glass+identification,pca_whiten,ifdkm,2,43,1e-08,39.2523,25.6607,12.3124,0.0291
glass+identification,pca_whiten,ifdkm,3,44,1e-08,39.2523,27.2791,14.9747,0.0465
glass+identification,pca_whiten,ifdkm,4,45,1e-08,37.8505,25.8345,13.0584,0.0442
glass+identification,pca_whiten,ifdkm,5,46,1e-08,37.8505,24.5977,12.7916,0.0179
glass+identification,pca_whiten,ifdfd,1,42,1e-08,43.9252,24.4313,12.5253,0.0412
glass+identification,pca_whiten,ifdfd,2,43,1e-08,40.6542,23.4995,13.4522,0.0449
glass+identification,pca_whiten,ifdfd,3,44,1e-08,41.5888,27.8483,14.9754,0.0586
glass+identification,pca_whiten,ifdfd,4,45,1e-08,40.1869,28.9091,14.6026,0.0671
glass+identification,pca_whiten,ifdfd,5,46,1e-08,42.5234,32.5267,15.0721,0.0416
glass+identification,l2_sample,kmeans,1,42,,54.2056,40.6288,27.2132,0.0040
glass+identification,l2_sample,kmeans,2,43,,54.2056,41.6163,26.6461,0.0126
glass+identification,l2_sample,kmeans,3,44,,52.3364,42.4721,26.8253,0.0124
glass+identification,l2_sample,kmeans,4,45,,54.2056,41.1051,26.5571,0.0080
glass+identification,l2_sample,kmeans,5,46,,52.8037,46.1347,29.2029,0.0008
glass+identification,l2_sample,diskmeans,1,42,1.0,53.2710,43.2030,27.9789,0.0027
glass+identification,l2_sample,diskmeans,2,43,1.0,52.8037,38.2610,26.4957,0.0018
glass+identification,l2_sample,diskmeans,3,44,1.0,54.2056,44.2881,28.0339,0.0013
glass+identification,l2_sample,diskmeans,4,45,1.0,52.8037,40.3840,27.1871,0.0020
glass+identification,l2_sample,diskmeans,5,46,1.0,53.7383,43.5912,27.6563,0.0028
glass+identification,l2_sample,fdkm,1,42,1.0,54.2056,43.5828,28.2619,0.0176
glass+identification,l2_sample,fdkm,2,43,1.0,54.6729,41.1675,26.5926,0.0831
glass+identification,l2_sample,fdkm,3,44,1.0,51.8692,40.3508,27.2544,0.0174
glass+identification,l2_sample,fdkm,4,45,1.0,54.2056,43.5828,28.2619,0.0145
glass+identification,l2_sample,fdkm,5,46,1.0,54.6729,41.1675,26.5926,0.0202
glass+identification,l2_sample,ifdkm,1,42,0.01,46.2617,37.1193,20.6512,0.0255
glass+identification,l2_sample,ifdkm,2,43,0.01,46.2617,32.3595,18.9148,0.0431
glass+identification,l2_sample,ifdkm,3,44,0.01,45.7944,31.8814,17.9945,0.0303
glass+identification,l2_sample,ifdkm,4,45,0.01,45.3271,31.9859,18.1648,0.0302
glass+identification,l2_sample,ifdkm,5,46,0.01,45.7944,31.9128,18.2472,0.0302
glass+identification,l2_sample,ifdfd,1,42,1.0,54.2056,35.8634,24.0088,0.1016
glass+identification,l2_sample,ifdfd,2,43,1.0,51.8692,40.3508,27.2544,0.1600
glass+identification,l2_sample,ifdfd,3,44,1.0,54.2056,43.5828,28.2619,0.0587
glass+identification,l2_sample,ifdfd,4,45,1.0,51.4019,35.1668,22.0486,0.0691
glass+identification,l2_sample,ifdfd,5,46,1.0,54.2056,43.5828,28.2619,0.1224
glass+identification,center_l2,kmeans,1,42,,54.6729,42.5949,27.6536,0.0144
glass+identification,center_l2,kmeans,2,43,,45.3271,36.8010,22.2042,0.0099
glass+identification,center_l2,kmeans,3,44,,44.8598,37.9020,22.0942,0.0097
glass+identification,center_l2,kmeans,4,45,,42.9907,36.4911,20.3639,0.0008
glass+identification,center_l2,kmeans,5,46,,52.8037,39.9054,25.7398,0.0008
glass+identification,center_l2,diskmeans,1,42,100.0,52.8037,40.5601,25.8183,0.0026
glass+identification,center_l2,diskmeans,2,43,100.0,53.7383,42.0187,26.9735,0.0048
glass+identification,center_l2,diskmeans,3,44,100.0,46.7290,36.1491,21.1787,0.0042
glass+identification,center_l2,diskmeans,4,45,100.0,45.3271,37.3702,21.7132,0.0020
glass+identification,center_l2,diskmeans,5,46,100.0,50.0000,34.5048,21.0656,0.0046
glass+identification,center_l2,fdkm,1,42,10000.0,53.2710,42.3438,26.8960,0.0158
glass+identification,center_l2,fdkm,2,43,10000.0,53.2710,41.4960,26.4196,0.0308
glass+identification,center_l2,fdkm,3,44,10000.0,52.3364,40.1833,26.2072,0.0260
glass+identification,center_l2,fdkm,4,45,10000.0,53.2710,41.4960,26.4196,0.0262
glass+identification,center_l2,fdkm,5,46,10000.0,52.3364,40.1833,26.2072,0.0319
glass+identification,center_l2,ifdkm,1,42,1.0,43.4579,31.3790,17.5188,0.0206
glass+identification,center_l2,ifdkm,2,43,1.0,37.3832,28.9590,13.6313,0.0307
glass+identification,center_l2,ifdkm,3,44,1.0,42.9907,29.9867,16.8119,0.0362
glass+identification,center_l2,ifdkm,4,45,1.0,36.9159,26.5019,12.1093,0.0325
glass+identification,center_l2,ifdkm,5,46,1.0,41.1215,33.1551,17.8357,0.0351
glass+identification,center_l2,ifdfd,1,42,0.01,40.1869,25.1702,12.7614,0.0957
glass+identification,center_l2,ifdfd,2,43,0.01,39.2523,27.4638,13.8774,0.0396
glass+identification,center_l2,ifdfd,3,44,0.01,42.9907,28.9664,15.2972,0.0634
glass+identification,center_l2,ifdfd,4,45,0.01,34.5794,19.5839,7.6337,0.1075
glass+identification,center_l2,ifdfd,5,46,0.01,41.1215,26.5663,14.4230,0.0394
glass+identification,frobenius,kmeans,1,42,,54.2056,42.6463,27.3885,0.0116
glass+identification,frobenius,kmeans,2,43,,54.2056,39.8524,24.7080,0.0267
glass+identification,frobenius,kmeans,3,44,,52.3364,37.7644,26.3100,0.0121
glass+identification,frobenius,kmeans,4,45,,54.2056,39.9562,26.3758,0.0008
glass+identification,frobenius,kmeans,5,46,,54.6729,38.5140,26.1768,0.0008
glass+identification,frobenius,diskmeans,1,42,1.0,55.6075,46.0452,29.2370,0.0019
glass+identification,frobenius,diskmeans,2,43,1.0,51.8692,38.2956,25.7660,0.0016
glass+identification,frobenius,diskmeans,3,44,1.0,54.6729,43.6532,27.8842,0.0021
glass+identification,frobenius,diskmeans,4,45,1.0,53.7383,40.5164,27.6268,0.0018
glass+identification,frobenius,diskmeans,5,46,1.0,50.0000,36.5829,23.4903,0.0013
glass+identification,frobenius,fdkm,1,42,0.01,54.2056,43.5828,28.2619,0.0292
glass+identification,frobenius,fdkm,2,43,0.01,54.2056,43.5828,28.2619,0.0202
glass+identification,frobenius,fdkm,3,44,0.01,52.3364,39.8069,27.0600,0.0146
glass+identification,frobenius,fdkm,4,45,0.01,54.6729,43.6348,28.2920,0.0179
glass+identification,frobenius,fdkm,5,46,0.01,54.6729,41.1675,26.5926,0.0231
glass+identification,frobenius,ifdkm,1,42,0.0001,44.8598,32.0134,18.2917,0.0376
glass+identification,frobenius,ifdkm,2,43,0.0001,44.8598,31.7575,18.5616,0.0354
glass+identification,frobenius,ifdkm,3,44,0.0001,42.5234,32.7708,17.9667,0.0277
glass+identification,frobenius,ifdkm,4,45,0.0001,45.7944,32.7459,18.5042,0.0503
glass+identification,frobenius,ifdkm,5,46,0.0001,45.7944,32.7459,18.5042,0.0302
glass+identification,frobenius,ifdfd,1,42,0.01,53.2710,35.1382,22.8944,0.0715
glass+identification,frobenius,ifdfd,2,43,0.01,52.3364,39.8069,27.0600,0.1286
glass+identification,frobenius,ifdfd,3,44,0.01,54.2056,43.5828,28.2619,0.0733
glass+identification,frobenius,ifdfd,4,45,0.01,54.2056,43.5828,28.2619,0.0692
glass+identification,frobenius,ifdfd,5,46,0.01,52.3364,39.8069,27.0600,0.0796
glass+identification,robust,kmeans,1,42,,45.3271,32.4030,17.5566,0.0192
glass+identification,robust,kmeans,2,43,,43.9252,30.8633,16.7749,0.0062
glass+identification,robust,kmeans,3,44,,47.6636,32.6716,17.0652,0.0010
glass+identification,robust,kmeans,4,45,,53.7383,38.3898,24.6189,0.0009
glass+identification,robust,kmeans,5,46,,44.3925,31.4258,17.2703,0.0016
glass+identification,robust,diskmeans,1,42,1000000.0,43.4579,31.6721,16.8592,0.0017
glass+identification,robust,diskmeans,2,43,1000000.0,43.9252,30.9957,16.9625,0.0019
glass+identification,robust,diskmeans,3,44,1000000.0,44.3925,31.9220,17.1045,0.0018
glass+identification,robust,diskmeans,4,45,1000000.0,43.4579,31.4045,16.5514,0.0019
glass+identification,robust,diskmeans,5,46,1000000.0,43.4579,31.7162,17.0034,0.0015
glass+identification,robust,fdkm,1,42,1000000.0,45.7944,32.4555,18.2040,0.0158
glass+identification,robust,fdkm,2,43,1000000.0,44.8598,32.1317,17.5676,0.0157
glass+identification,robust,fdkm,3,44,1000000.0,43.9252,31.5378,17.0448,0.0127
glass+identification,robust,fdkm,4,45,1000000.0,47.6636,32.3308,18.3738,0.0157
glass+identification,robust,fdkm,5,46,1000000.0,44.8598,32.1971,17.9715,0.0158
glass+identification,robust,ifdkm,1,42,10000.0,54.2056,40.1889,25.5384,0.0244
glass+identification,robust,ifdkm,2,43,10000.0,42.0561,28.0378,15.2913,0.0193
glass+identification,robust,ifdkm,3,44,10000.0,43.4579,30.5247,16.2012,0.0219
glass+identification,robust,ifdkm,4,45,10000.0,43.9252,30.6044,16.6603,0.0226
glass+identification,robust,ifdkm,5,46,10000.0,42.0561,29.1020,16.0770,0.0220
glass+identification,robust,ifdfd,1,42,10000.0,54.2056,40.0604,25.4747,0.0340
glass+identification,robust,ifdfd,2,43,10000.0,41.5888,30.2000,16.0014,0.0305
glass+identification,robust,ifdfd,3,44,10000.0,43.9252,30.8571,16.6642,0.0317
glass+identification,robust,ifdfd,4,45,10000.0,43.9252,30.8571,16.6642,0.0361
glass+identification,robust,ifdfd,5,46,10000.0,43.9252,30.8571,16.6642,0.0379
glass+identification,minmax,kmeans,1,42,,43.4579,34.3662,17.6956,0.0372
glass+identification,minmax,kmeans,2,43,,50.4673,38.4380,20.7748,0.0155
glass+identification,minmax,kmeans,3,44,,50.4673,34.9650,21.0770,0.0010
glass+identification,minmax,kmeans,4,45,,43.9252,32.3645,16.6204,0.0010
glass+identification,minmax,kmeans,5,46,,42.9907,31.2373,16.3554,0.0009
glass+identification,minmax,diskmeans,1,42,100000000.0,53.2710,34.8124,26.5892,0.0004
glass+identification,minmax,diskmeans,2,43,100000000.0,44.8598,26.8954,16.6280,0.0005
glass+identification,minmax,diskmeans,3,44,100000000.0,43.4579,31.4849,19.5338,0.0005
glass+identification,minmax,diskmeans,4,45,100000000.0,46.7290,34.7939,20.2836,0.0005
glass+identification,minmax,diskmeans,5,46,100000000.0,41.5888,30.4319,15.0607,0.0005
glass+identification,minmax,fdkm,1,42,10000.0,47.1963,35.6979,19.8989,0.0216
glass+identification,minmax,fdkm,2,43,10000.0,43.9252,33.2643,16.8227,0.0215
glass+identification,minmax,fdkm,3,44,10000.0,50.4673,37.8197,19.6979,0.0155
glass+identification,minmax,fdkm,4,45,10000.0,49.5327,38.3735,20.7714,0.0125
glass+identification,minmax,fdkm,5,46,10000.0,49.0654,36.5104,19.5948,0.0128
glass+identification,minmax,ifdkm,1,42,100.0,45.3271,36.7031,19.5259,0.0810
glass+identification,minmax,ifdkm,2,43,100.0,43.4579,33.3473,16.9879,0.0400
glass+identification,minmax,ifdkm,3,44,100.0,42.9907,33.4386,16.8109,0.0427
glass+identification,minmax,ifdkm,4,45,100.0,43.4579,33.9121,17.6914,0.0372
glass+identification,minmax,ifdkm,5,46,100.0,44.8598,32.3790,19.3624,0.0254
glass+identification,minmax,ifdfd,1,42,1.0,40.6542,30.8970,15.6732,0.0505
glass+identification,minmax,ifdfd,2,43,1.0,43.4579,32.2186,17.1608,0.0465
glass+identification,minmax,ifdfd,3,44,1.0,40.1869,27.8616,14.5695,0.0399
glass+identification,minmax,ifdfd,4,45,1.0,47.1963,32.4691,17.4070,0.0414
glass+identification,minmax,ifdfd,5,46,1.0,42.9907,32.1800,17.0201,0.0474
glass+identification,row_center,kmeans,1,42,,54.2056,42.6463,27.3885,0.0296
glass+identification,row_center,kmeans,2,43,,54.2056,39.8524,24.7080,0.0112
glass+identification,row_center,kmeans,3,44,,52.3364,37.7644,26.3100,0.0010
glass+identification,row_center,kmeans,4,45,,54.2056,39.9562,26.3758,0.0007
glass+identification,row_center,kmeans,5,46,,54.6729,38.5140,26.1768,0.0008
glass+identification,row_center,diskmeans,1,42,1000000.0,54.2056,42.8927,29.4558,0.0013
glass+identification,row_center,diskmeans,2,43,1000000.0,51.8692,38.2956,25.7660,0.0015
glass+identification,row_center,diskmeans,3,44,1000000.0,54.6729,43.6348,28.2920,0.0022
glass+identification,row_center,diskmeans,4,45,1000000.0,53.2710,39.6797,27.1743,0.0019
glass+identification,row_center,diskmeans,5,46,1000000.0,49.0654,36.4238,23.4540,0.0013
glass+identification,row_center,fdkm,1,42,1000000.0,53.7383,41.5058,27.4450,0.0124
glass+identification,row_center,fdkm,2,43,1000000.0,54.2056,41.2738,27.1327,0.0151
glass+identification,row_center,fdkm,3,44,1000000.0,52.3364,39.7993,26.8209,0.0203
glass+identification,row_center,fdkm,4,45,1000000.0,51.8692,37.8816,25.0433,0.0099
glass+identification,row_center,fdkm,5,46,1000000.0,51.8692,43.0650,27.8493,0.0124
glass+identification,row_center,ifdkm,1,42,100.0,41.1215,31.8284,16.5440,0.0401
glass+identification,row_center,ifdkm,2,43,100.0,46.2617,34.0838,19.1666,0.0361
glass+identification,row_center,ifdkm,3,44,100.0,46.2617,33.9303,18.9640,0.0377
glass+identification,row_center,ifdkm,4,45,100.0,46.2617,33.9303,18.9640,0.0302
glass+identification,row_center,ifdkm,5,46,100.0,46.2617,34.0838,19.1666,0.0268
glass+identification,row_center,ifdfd,1,42,1000000.0,53.7383,41.5058,27.4450,0.0160
glass+identification,row_center,ifdfd,2,43,1000000.0,54.2056,41.2738,27.1327,0.0189
glass+identification,row_center,ifdfd,3,44,1000000.0,52.3364,39.7993,26.8209,0.0233
glass+identification,row_center,ifdfd,4,45,1000000.0,51.8692,37.8816,25.0433,0.0121
glass+identification,row_center,ifdfd,5,46,1000000.0,51.8692,43.0650,27.8493,0.0157
glass+identification,double_center,kmeans,1,42,,54.2056,42.6463,27.3885,0.0170
glass+identification,double_center,kmeans,2,43,,54.2056,39.8524,24.7080,0.0185
glass+identification,double_center,kmeans,3,44,,52.3364,37.7644,26.3100,0.0114
glass+identification,double_center,kmeans,4,45,,54.2056,39.9562,26.3758,0.0009
glass+identification,double_center,kmeans,5,46,,54.6729,38.5140,26.1768,0.0010
glass+identification,double_center,diskmeans,1,42,10000.0,53.7383,42.3128,27.1202,0.0052
glass+identification,double_center,diskmeans,2,43,10000.0,52.3364,38.4887,26.5571,0.0038
glass+identification,double_center,diskmeans,3,44,10000.0,54.2056,42.7716,27.0195,0.0064
glass+identification,double_center,diskmeans,4,45,10000.0,52.3364,39.2266,26.7385,0.0047
glass+identification,double_center,diskmeans,5,46,10000.0,46.2617,35.6170,20.9592,0.0033
glass+identification,double_center,fdkm,1,42,10000.0,54.2056,42.7716,27.0195,0.0188
glass+identification,double_center,fdkm,2,43,10000.0,52.3364,38.8606,26.0825,0.0128
glass+identification,double_center,fdkm,3,44,10000.0,52.3364,38.8606,26.0825,0.0119
glass+identification,double_center,fdkm,4,45,10000.0,54.2056,42.7716,27.0195,0.0122
glass+identification,double_center,fdkm,5,46,10000.0,54.2056,42.7716,27.0195,0.0168
glass+identification,double_center,ifdkm,1,42,10000.0,54.2056,42.2808,28.0876,0.0207
glass+identification,double_center,ifdkm,2,43,10000.0,53.2710,35.8499,24.1375,0.0181
glass+identification,double_center,ifdkm,3,44,10000.0,54.2056,42.7716,27.0195,0.0308
glass+identification,double_center,ifdkm,4,45,10000.0,52.3364,38.8772,26.8519,0.0380
glass+identification,double_center,ifdkm,5,46,10000.0,53.7383,42.4370,26.7519,0.0230
glass+identification,double_center,ifdfd,1,42,10000.0,54.2056,42.7716,27.0195,0.0336
glass+identification,double_center,ifdfd,2,43,10000.0,52.3364,38.8772,26.8519,0.0440
glass+identification,double_center,ifdfd,3,44,10000.0,54.2056,42.7716,27.0195,0.0332
glass+identification,double_center,ifdfd,4,45,10000.0,52.3364,38.8772,26.8519,0.0451
glass+identification,double_center,ifdfd,5,46,10000.0,54.2056,42.7716,27.0195,0.0500
glass+identification,False,kmeans,1,42,,54.2056,42.6463,27.3885,0.0041
glass+identification,False,kmeans,2,43,,54.2056,39.8524,24.7080,0.0052
glass+identification,False,kmeans,3,44,,52.3364,37.7644,26.3100,0.0078
glass+identification,False,kmeans,4,45,,54.2056,39.9562,26.3758,0.0092
glass+identification,False,kmeans,5,46,,54.6729,38.5140,26.1768,0.0107
glass+identification,False,diskmeans,1,42,1000000.0,53.7383,42.2575,28.8174,0.0041
glass+identification,False,diskmeans,2,43,1000000.0,51.8692,38.2956,25.7660,0.0048
glass+identification,False,diskmeans,3,44,1000000.0,54.6729,43.6532,27.8842,0.0023
glass+identification,False,diskmeans,4,45,1000000.0,53.2710,39.8009,27.5989,0.0027
glass+identification,False,diskmeans,5,46,1000000.0,50.0000,36.5829,23.4903,0.0013
glass+identification,False,fdkm,1,42,10000.0,54.2056,43.5828,28.2619,0.0291
glass+identification,False,fdkm,2,43,10000.0,54.2056,43.5828,28.2619,0.0224
glass+identification,False,fdkm,3,44,10000.0,51.8692,40.3508,27.2544,0.0177
glass+identification,False,fdkm,4,45,10000.0,54.6729,43.6348,28.2920,0.0168
glass+identification,False,fdkm,5,46,10000.0,54.6729,41.1675,26.5926,0.0252
glass+identification,False,ifdkm,1,42,100.0,44.8598,35.4053,20.6070,0.0354
glass+identification,False,ifdkm,2,43,100.0,47.6636,36.8529,23.6245,0.0709
glass+identification,False,ifdkm,3,44,100.0,42.0561,31.5570,17.5543,0.0282
glass+identification,False,ifdkm,4,45,100.0,45.7944,32.7459,18.5042,0.0483
glass+identification,False,ifdkm,5,46,100.0,45.7944,32.7459,18.5042,0.0256
glass+identification,False,ifdfd,1,42,1000000.0,53.2710,41.1645,27.4860,0.0153
glass+identification,False,ifdfd,2,43,1000000.0,53.7383,41.1644,27.0018,0.0300
glass+identification,False,ifdfd,3,44,1000000.0,51.8692,39.4629,26.5216,0.0181
glass+identification,False,ifdfd,4,45,1000000.0,51.8692,38.2448,25.4150,0.0182
glass+identification,False,ifdfd,5,46,1000000.0,51.8692,43.0650,27.8493,0.0427
ecoli,center,kmeans,1,42,,64.2857,61.5451,50.3281,0.0195
ecoli,center,kmeans,2,43,,53.8690,59.9973,39.5973,0.0140
ecoli,center,kmeans,3,44,,57.4405,60.9431,48.3835,0.0016
ecoli,center,kmeans,4,45,,61.9048,63.3351,49.5071,0.0016
ecoli,center,kmeans,5,46,,56.2500,61.9385,41.4678,0.0015
ecoli,center,diskmeans,1,42,1.0,81.5476,67.1897,73.7294,0.0053
ecoli,center,diskmeans,2,43,1.0,61.6071,62.3610,49.5580,0.0117
ecoli,center,diskmeans,3,44,1.0,61.6071,61.3366,48.8392,0.0118
ecoli,center,diskmeans,4,45,1.0,62.5000,61.1119,48.9970,0.0087
ecoli,center,diskmeans,5,46,1.0,61.9048,62.8939,50.0818,0.0043
ecoli,center,fdkm,1,42,1e-08,62.5000,62.2062,50.4606,0.0588
ecoli,center,fdkm,2,43,1e-08,77.9762,62.2866,64.6346,0.0294
ecoli,center,fdkm,3,44,1e-08,62.5000,62.2062,50.4606,0.0445
ecoli,center,fdkm,4,45,1e-08,60.1190,56.6801,46.4994,0.0418
ecoli,center,fdkm,5,46,1e-08,61.6071,61.8774,47.2739,0.0273
ecoli,center,ifdkm,1,42,1e-08,80.0595,64.1123,69.1736,0.0364
ecoli,center,ifdkm,2,43,1e-08,63.0952,60.2284,47.7263,0.0568
ecoli,center,ifdkm,3,44,1e-08,63.9881,60.9660,48.4393,0.0699
ecoli,center,ifdkm,4,45,1e-08,72.3214,56.5697,61.0407,0.0365
ecoli,center,ifdkm,5,46,1e-08,78.5714,62.8821,66.6498,0.0510
ecoli,center,ifdfd,1,42,1e-08,79.7619,63.9673,68.8620,0.0527
ecoli,center,ifdfd,2,43,1e-08,63.9881,60.6827,48.2602,0.0814
ecoli,center,ifdfd,3,44,1e-08,65.1786,61.4867,49.5755,0.0576
ecoli,center,ifdfd,4,45,1e-08,72.9167,56.8723,61.3494,0.0454
ecoli,center,ifdfd,5,46,1e-08,78.8690,63.1822,66.8607,0.0626
ecoli,standardize,kmeans,1,42,,55.6548,57.9461,46.1883,0.0116
ecoli,standardize,kmeans,2,43,,61.9048,59.6731,47.2763,0.0233
ecoli,standardize,kmeans,3,44,,63.0952,63.0143,49.3668,0.0138
ecoli,standardize,kmeans,4,45,,63.3929,63.0408,49.4850,0.0020
ecoli,standardize,kmeans,5,46,,62.5000,62.7966,48.9172,0.0016
ecoli,standardize,diskmeans,1,42,100.0,82.1429,68.2863,74.3726,0.0033
ecoli,standardize,diskmeans,2,43,100.0,61.9048,61.3372,48.0425,0.0041
ecoli,standardize,diskmeans,3,44,100.0,67.2619,61.2086,50.5604,0.0034
ecoli,standardize,diskmeans,4,45,100.0,68.4524,60.6586,55.1958,0.0036
ecoli,standardize,diskmeans,5,46,100.0,64.8810,62.5181,49.5063,0.0025
ecoli,standardize,fdkm,1,42,1000000.0,70.5357,63.0643,60.3322,0.0205
ecoli,standardize,fdkm,2,43,1000000.0,66.9643,60.6503,54.5149,0.0240
ecoli,standardize,fdkm,3,44,1000000.0,58.6310,58.9969,45.1575,0.0591
ecoli,standardize,fdkm,4,45,1000000.0,57.1429,58.4063,44.7277,0.0187
ecoli,standardize,fdkm,5,46,1000000.0,72.9167,61.0193,62.2860,0.0228
ecoli,standardize,ifdkm,1,42,1e-08,80.0595,64.1123,69.1736,0.0356
ecoli,standardize,ifdkm,2,43,1e-08,63.0952,60.2284,47.7263,0.0554
ecoli,standardize,ifdkm,3,44,1e-08,63.9881,60.9660,48.4393,0.0466
ecoli,standardize,ifdkm,4,45,1e-08,72.3214,56.5697,61.0407,0.0370
ecoli,standardize,ifdkm,5,46,1e-08,78.5714,62.8821,66.6498,0.0538
ecoli,standardize,ifdfd,1,42,1e-08,79.7619,63.9673,68.8620,0.0512
ecoli,standardize,ifdfd,2,43,1e-08,63.9881,60.6827,48.2602,0.0699
ecoli,standardize,ifdfd,3,44,1e-08,65.1786,61.4867,49.5755,0.0594
ecoli,standardize,ifdfd,4,45,1e-08,72.9167,56.8723,61.3494,0.0456
ecoli,standardize,ifdfd,5,46,1e-08,78.8690,63.1822,66.8607,0.0603
ecoli,pca_whiten,kmeans,1,42,,57.7381,60.5800,48.8071,0.0208
ecoli,pca_whiten,kmeans,2,43,,60.1190,56.4325,45.9784,0.0307
ecoli,pca_whiten,kmeans,3,44,,78.2738,62.1405,66.3253,0.0016
ecoli,pca_whiten,kmeans,4,45,,76.7857,61.6453,62.9563,0.0015
ecoli,pca_whiten,kmeans,5,46,,77.6786,62.5803,64.1711,0.0015
ecoli,pca_whiten,diskmeans,1,42,1e-08,79.1667,63.0509,68.3615,0.0029
ecoli,pca_whiten,diskmeans,2,43,1e-08,59.5238,61.5464,47.8176,0.0082
ecoli,pca_whiten,diskmeans,3,44,1e-08,79.1667,63.0509,68.3615,0.0066
ecoli,pca_whiten,diskmeans,4,45,1e-08,71.1310,56.5983,60.2624,0.0052
ecoli,pca_whiten,diskmeans,5,46,1e-08,61.9048,61.2989,47.1559,0.0038
ecoli,pca_whiten,fdkm,1,42,1e-08,62.5000,62.2062,50.4606,0.0566
ecoli,pca_whiten,fdkm,2,43,1e-08,77.9762,62.2866,64.6346,0.0274
ecoli,pca_whiten,fdkm,3,44,1e-08,62.5000,62.2062,50.4606,0.0442
ecoli,pca_whiten,fdkm,4,45,1e-08,60.1190,56.6801,46.4994,0.0419
ecoli,pca_whiten,fdkm,5,46,1e-08,61.6071,61.8774,47.2739,0.0275
ecoli,pca_whiten,ifdkm,1,42,10000.0,79.7619,63.7313,68.3705,0.0378
ecoli,pca_whiten,ifdkm,2,43,10000.0,65.4762,60.5403,49.5024,0.0826
ecoli,pca_whiten,ifdkm,3,44,10000.0,63.9881,60.9660,48.4393,0.0492
ecoli,pca_whiten,ifdkm,4,45,10000.0,72.3214,56.5697,61.0407,0.0491
ecoli,pca_whiten,ifdkm,5,46,10000.0,78.2738,61.8927,65.6820,0.0405
ecoli,pca_whiten,ifdfd,1,42,1e-08,79.7619,63.9673,68.8620,0.0510
ecoli,pca_whiten,ifdfd,2,43,1e-08,63.9881,60.6827,48.2602,0.0723
ecoli,pca_whiten,ifdfd,3,44,1e-08,65.1786,61.4867,49.5755,0.0585
ecoli,pca_whiten,ifdfd,4,45,1e-08,72.9167,56.8723,61.3494,0.0489
ecoli,pca_whiten,ifdfd,5,46,1e-08,78.8690,63.1822,66.8607,0.0621
ecoli,l2_sample,kmeans,1,42,,49.7024,49.9436,33.3491,0.0509
ecoli,l2_sample,kmeans,2,43,,55.3571,51.8182,34.7674,0.0021
ecoli,l2_sample,kmeans,3,44,,55.3571,52.2006,35.5668,0.0045
ecoli,l2_sample,kmeans,4,45,,47.3214,52.3179,32.2070,0.0015
ecoli,l2_sample,kmeans,5,46,,53.5714,54.1163,33.3862,0.0017
ecoli,l2_sample,diskmeans,1,42,1.0,61.3095,55.9262,40.8875,0.0073
ecoli,l2_sample,diskmeans,2,43,1.0,58.9286,54.1380,39.5641,0.0071
ecoli,l2_sample,diskmeans,3,44,1.0,53.5714,54.4753,35.9980,0.0073
ecoli,l2_sample,diskmeans,4,45,1.0,60.4167,56.7810,42.3397,0.0064
ecoli,l2_sample,diskmeans,5,46,1.0,60.4167,55.0709,41.1051,0.0087
ecoli,l2_sample,fdkm,1,42,10000.0,57.1429,55.7658,38.0226,0.0275
ecoli,l2_sample,fdkm,2,43,10000.0,62.2024,55.5514,42.2615,0.0230
ecoli,l2_sample,fdkm,3,44,10000.0,66.0714,53.9372,45.3514,0.0275
ecoli,l2_sample,fdkm,4,45,10000.0,57.4405,54.2377,37.7904,0.0204
ecoli,l2_sample,fdkm,5,46,10000.0,53.8690,50.8105,34.1826,0.0213
ecoli,l2_sample,ifdkm,1,42,1e-08,55.6548,52.7414,32.9448,0.0695
ecoli,l2_sample,ifdkm,2,43,1e-08,52.0833,53.4903,35.1357,0.0745
ecoli,l2_sample,ifdkm,3,44,1e-08,57.4405,54.9409,38.2513,0.0580
ecoli,l2_sample,ifdkm,4,45,1e-08,56.2500,54.8558,37.3998,0.0502
ecoli,l2_sample,ifdkm,5,46,1e-08,60.4167,56.3421,43.1530,0.0679
ecoli,l2_sample,ifdfd,1,42,1.0,60.4167,55.3320,41.5446,0.0912
ecoli,l2_sample,ifdfd,2,43,1.0,56.2500,54.2063,36.1821,0.1425
ecoli,l2_sample,ifdfd,3,44,1.0,60.4167,55.3320,41.5446,0.0917
ecoli,l2_sample,ifdfd,4,45,1.0,60.4167,55.3320,41.5446,0.0810
ecoli,l2_sample,ifdfd,5,46,1.0,60.4167,55.9852,41.7152,0.0827
ecoli,center_l2,kmeans,1,42,,51.7857,57.7350,43.8261,0.0269
ecoli,center_l2,kmeans,2,43,,53.5714,55.3429,35.0232,0.0017
ecoli,center_l2,kmeans,3,44,,59.2262,58.9428,42.9107,0.0016
ecoli,center_l2,kmeans,4,45,,58.3333,58.9037,42.2558,0.0016
ecoli,center_l2,kmeans,5,46,,57.4405,59.2158,41.6206,0.0015
ecoli,center_l2,diskmeans,1,42,100000000.0,66.9643,61.5143,53.1640,0.0009
ecoli,center_l2,diskmeans,2,43,100000000.0,63.3929,58.7871,50.6718,0.0015
ecoli,center_l2,diskmeans,3,44,100000000.0,69.6429,62.1688,54.7875,0.0049
ecoli,center_l2,diskmeans,4,45,100000000.0,50.0000,52.8287,35.5336,0.0020
ecoli,center_l2,diskmeans,5,46,100000000.0,64.5833,59.6148,48.5052,0.0009
ecoli,center_l2,fdkm,1,42,10000.0,60.4167,59.8961,46.2788,0.0338
ecoli,center_l2,fdkm,2,43,10000.0,62.7976,57.9608,44.0433,0.0460
ecoli,center_l2,fdkm,3,44,10000.0,64.2857,58.4878,45.6541,0.0404
ecoli,center_l2,fdkm,4,45,10000.0,57.4405,57.1269,40.5609,0.0580
ecoli,center_l2,fdkm,5,46,10000.0,60.1190,60.2755,46.3886,0.0449
ecoli,center_l2,ifdkm,1,42,1.0,58.0357,55.0495,41.8666,0.0528
ecoli,center_l2,ifdkm,2,43,1.0,59.5238,55.9242,41.9215,0.0867
ecoli,center_l2,ifdkm,3,44,1.0,54.1667,53.3765,34.8142,0.0908
ecoli,center_l2,ifdkm,4,45,1.0,52.9762,56.3043,38.4392,0.0543
ecoli,center_l2,ifdkm,5,46,1.0,59.2262,57.2713,43.9157,0.0931
ecoli,center_l2,ifdfd,1,42,1.0,58.3333,56.4717,43.0091,0.0932
ecoli,center_l2,ifdfd,2,43,1.0,58.6310,57.6054,43.6194,0.1228
ecoli,center_l2,ifdfd,3,44,1.0,61.9048,57.3975,44.0051,0.1641
ecoli,center_l2,ifdfd,4,45,1.0,50.2976,55.9774,37.3684,0.1003
ecoli,center_l2,ifdfd,5,46,1.0,58.3333,56.4717,43.0091,0.1182
ecoli,frobenius,kmeans,1,42,,64.2857,61.5451,50.3281,0.0399
ecoli,frobenius,kmeans,2,43,,53.8690,59.9973,39.5973,0.0066
ecoli,frobenius,kmeans,3,44,,57.4405,60.9431,48.3835,0.0032
ecoli,frobenius,kmeans,4,45,,61.9048,63.3351,49.5071,0.0015
ecoli,frobenius,kmeans,5,46,,56.2500,61.9385,41.4678,0.0047
ecoli,frobenius,diskmeans,1,42,0.01,75.0000,63.2079,67.7281,0.0077
ecoli,frobenius,diskmeans,2,43,0.01,60.4167,60.7446,42.5743,0.0044
ecoli,frobenius,diskmeans,3,44,0.01,60.1190,59.6522,42.1998,0.0056
ecoli,frobenius,diskmeans,4,45,0.01,60.4167,59.3905,45.8967,0.0060
ecoli,frobenius,diskmeans,5,46,0.01,74.1071,62.8214,66.9331,0.0102
ecoli,frobenius,fdkm,1,42,0.0001,69.6429,60.7386,52.6404,0.0324
ecoli,frobenius,fdkm,2,43,0.0001,61.9048,60.9601,49.0386,0.0271
ecoli,frobenius,fdkm,3,44,0.0001,62.2024,60.9073,48.8449,0.0360
ecoli,frobenius,fdkm,4,45,0.0001,69.6429,60.7386,52.6404,0.0494
ecoli,frobenius,fdkm,5,46,0.0001,61.0119,60.8644,46.7124,0.0316
ecoli,frobenius,ifdkm,1,42,1e-08,69.0476,58.1827,52.4459,0.0916
ecoli,frobenius,ifdkm,2,43,1e-08,63.9881,61.2626,49.1457,0.0655
ecoli,frobenius,ifdkm,3,44,1e-08,61.6071,59.8600,48.3339,0.0518
ecoli,frobenius,ifdkm,4,45,1e-08,63.6905,60.5622,48.7907,0.0480
ecoli,frobenius,ifdkm,5,46,1e-08,73.5119,59.6340,60.6851,0.0425
ecoli,frobenius,ifdfd,1,42,1e-08,69.9405,60.8725,54.4186,0.1058
ecoli,frobenius,ifdfd,2,43,1e-08,63.3929,61.2507,49.0042,0.0813
ecoli,frobenius,ifdfd,3,44,1e-08,61.9048,60.7190,47.2789,0.1013
ecoli,frobenius,ifdfd,4,45,1e-08,62.2024,61.6533,49.9728,0.1263
ecoli,frobenius,ifdfd,5,46,1e-08,73.2143,60.5074,62.3256,0.0611
ecoli,robust,kmeans,1,42,,58.9286,54.5845,47.9370,0.0197
ecoli,robust,kmeans,2,43,,51.7857,55.7602,36.1000,0.0062
ecoli,robust,kmeans,3,44,,47.6190,52.5707,33.6012,0.0017
ecoli,robust,kmeans,4,45,,51.1905,55.0602,35.3548,0.0040
ecoli,robust,kmeans,5,46,,54.1667,56.3479,37.5626,0.0023
ecoli,robust,diskmeans,1,42,1e-08,80.0595,63.8420,69.7553,0.0045
ecoli,robust,diskmeans,2,43,1e-08,64.2857,60.2829,48.9661,0.0058
ecoli,robust,diskmeans,3,44,1e-08,59.8214,61.7053,49.9077,0.0098
ecoli,robust,diskmeans,4,45,1e-08,79.1667,63.5395,67.6520,0.0068
ecoli,robust,diskmeans,5,46,1e-08,59.2262,59.9837,45.6294,0.0076
ecoli,robust,fdkm,1,42,1e-08,61.6071,60.8442,47.5705,0.0552
ecoli,robust,fdkm,2,43,1e-08,79.1667,63.5395,67.6520,0.0463
ecoli,robust,fdkm,3,44,1e-08,61.3095,61.4527,48.8267,0.0751
ecoli,robust,fdkm,4,45,1e-08,68.1548,59.7535,51.6572,0.0408
ecoli,robust,fdkm,5,46,1e-08,61.3095,61.8792,47.2599,0.0440
ecoli,robust,ifdkm,1,42,1e-08,80.3571,64.1739,70.0827,0.0506
ecoli,robust,ifdkm,2,43,1e-08,77.3810,61.3952,63.8199,0.0510
ecoli,robust,ifdkm,3,44,1e-08,61.0119,60.8279,47.7169,0.0582
ecoli,robust,ifdkm,4,45,1e-08,60.4167,60.6803,47.1464,0.0529
ecoli,robust,ifdkm,5,46,1e-08,74.7024,61.4942,65.9845,0.0444
ecoli,robust,ifdfd,1,42,1e-08,81.8452,67.0572,73.9295,0.0683
ecoli,robust,ifdfd,2,43,1e-08,79.1667,63.5395,67.6520,0.0696
ecoli,robust,ifdfd,3,44,1e-08,60.1190,61.8731,47.9806,0.0944
ecoli,robust,ifdfd,4,45,1e-08,60.4167,60.6803,47.1464,0.0569
ecoli,robust,ifdfd,5,46,1e-08,74.4048,61.3654,63.7948,0.0813
ecoli,minmax,kmeans,1,42,,57.7381,60.7512,48.3257,0.0196
ecoli,minmax,kmeans,2,43,,62.5000,59.8052,45.4764,0.0022
ecoli,minmax,kmeans,3,44,,60.7143,62.2461,43.6995,0.0017
ecoli,minmax,kmeans,4,45,,67.5595,65.8713,53.2198,0.0035
ecoli,minmax,kmeans,5,46,,61.3095,61.7749,43.0804,0.0015
ecoli,minmax,diskmeans,1,42,1.0,61.0119,47.2758,38.5829,0.0038
ecoli,minmax,diskmeans,2,43,1.0,58.6310,49.8583,38.1658,0.0066
ecoli,minmax,diskmeans,3,44,1.0,65.7738,50.7372,44.8209,0.0085
ecoli,minmax,diskmeans,4,45,1.0,57.7381,47.6554,37.0587,0.0096
ecoli,minmax,diskmeans,5,46,1.0,61.3095,47.4208,38.9263,0.0091
ecoli,minmax,fdkm,1,42,10000.0,67.2619,60.1594,52.3212,0.0449
ecoli,minmax,fdkm,2,43,10000.0,65.1786,61.3218,47.4161,0.0402
ecoli,minmax,fdkm,3,44,10000.0,70.5357,63.9304,54.5903,0.0317
ecoli,minmax,fdkm,4,45,10000.0,68.4524,60.7595,54.0881,0.0273
ecoli,minmax,fdkm,5,46,10000.0,70.5357,63.9855,57.7948,0.0401
ecoli,minmax,ifdkm,1,42,10000.0,55.9524,56.3230,46.7488,0.0663
ecoli,minmax,ifdkm,2,43,10000.0,65.7738,58.8115,49.5769,0.0910
ecoli,minmax,ifdkm,3,44,10000.0,62.2024,55.9305,52.4512,0.0433
ecoli,minmax,ifdkm,4,45,10000.0,58.3333,58.5504,47.6308,0.0693
ecoli,minmax,ifdkm,5,46,10000.0,55.6548,54.7532,45.9549,0.0709
ecoli,minmax,ifdfd,1,42,10000.0,62.7976,61.3096,51.9357,0.1117
ecoli,minmax,ifdfd,2,43,10000.0,66.6667,61.2879,50.9827,0.0997
ecoli,minmax,ifdfd,3,44,10000.0,65.4762,63.2907,54.1358,0.0738
ecoli,minmax,ifdfd,4,45,10000.0,58.0357,60.4858,47.8951,0.1242
ecoli,minmax,ifdfd,5,46,10000.0,61.0119,57.6033,48.2572,0.1021
ecoli,row_center,kmeans,1,42,,55.6548,56.7063,42.1572,0.0274
ecoli,row_center,kmeans,2,43,,56.5476,58.2602,41.1347,0.0055
ecoli,row_center,kmeans,3,44,,56.8452,53.6273,36.6291,0.0017
ecoli,row_center,kmeans,4,45,,60.1190,61.2139,45.4734,0.0016
ecoli,row_center,kmeans,5,46,,51.1905,53.8115,36.8358,0.0016
ecoli,row_center,diskmeans,1,42,0.01,66.0714,59.6735,49.2723,0.0035
ecoli,row_center,diskmeans,2,43,0.01,66.6667,60.5265,49.8680,0.0143
ecoli,row_center,diskmeans,3,44,0.01,74.7024,64.0999,68.6200,0.0102
ecoli,row_center,diskmeans,4,45,0.01,62.7976,61.7966,49.5245,0.0103
ecoli,row_center,diskmeans,5,46,0.01,62.7976,60.9229,46.7974,0.0058
ecoli,row_center,fdkm,1,42,10000.0,64.2857,66.3709,52.0453,0.0319
ecoli,row_center,fdkm,2,43,10000.0,65.4762,59.5438,47.3941,0.0282
ecoli,row_center,fdkm,3,44,10000.0,64.5833,59.0050,45.5473,0.0360
ecoli,row_center,fdkm,4,45,10000.0,63.0952,54.6056,43.6376,0.0402
ecoli,row_center,fdkm,5,46,10000.0,63.9881,58.7113,47.1995,0.0714
ecoli,row_center,ifdkm,1,42,1e-08,79.4643,63.5808,68.3773,0.0531
ecoli,row_center,ifdkm,2,43,1e-08,68.7500,59.2854,54.8434,0.0668
ecoli,row_center,ifdkm,3,44,1e-08,61.6071,59.8600,48.3339,0.0444
ecoli,row_center,ifdkm,4,45,1e-08,63.9881,60.5741,48.8885,0.0547
ecoli,row_center,ifdkm,5,46,1e-08,71.4286,58.8374,61.5324,0.0542
ecoli,row_center,ifdfd,1,42,1e-08,79.7619,63.7504,68.8299,0.0726
ecoli,row_center,ifdfd,2,43,1e-08,61.9048,60.7190,47.2789,0.0888
ecoli,row_center,ifdfd,3,44,1e-08,61.6071,59.8600,48.3339,0.0585
ecoli,row_center,ifdfd,4,45,1e-08,61.9048,60.9601,49.0386,0.1019
ecoli,row_center,ifdfd,5,46,1e-08,71.7262,59.0531,61.7025,0.0666
ecoli,double_center,kmeans,1,42,,55.6548,56.7063,42.1572,0.0021
ecoli,double_center,kmeans,2,43,,56.5476,58.2602,41.1347,0.0037
ecoli,double_center,kmeans,3,44,,56.8452,53.6273,36.6291,0.0016
ecoli,double_center,kmeans,4,45,,60.1190,61.2139,45.4734,0.0016
ecoli,double_center,kmeans,5,46,,51.1905,53.8115,36.8358,0.0017
ecoli,double_center,diskmeans,1,42,0.01,66.0714,59.6735,49.2723,0.0052
ecoli,double_center,diskmeans,2,43,0.01,66.6667,60.5265,49.8680,0.0165
ecoli,double_center,diskmeans,3,44,0.01,74.7024,64.0999,68.6200,0.0119
ecoli,double_center,diskmeans,4,45,0.01,62.7976,61.7966,49.5245,0.0115
ecoli,double_center,diskmeans,5,46,0.01,62.7976,60.9229,46.7974,0.0113
ecoli,double_center,fdkm,1,42,10000.0,64.2857,66.3709,52.0453,0.0288
ecoli,double_center,fdkm,2,43,10000.0,65.4762,59.5438,47.3941,0.0320
ecoli,double_center,fdkm,3,44,10000.0,64.5833,59.0050,45.5473,0.0458
ecoli,double_center,fdkm,4,45,10000.0,63.0952,54.6056,43.6376,0.0627
ecoli,double_center,fdkm,5,46,10000.0,63.9881,58.7113,47.1995,0.0786
ecoli,double_center,ifdkm,1,42,1e-08,79.4643,63.5808,68.3773,0.0399
ecoli,double_center,ifdkm,2,43,1e-08,68.4524,59.1963,54.6958,0.0679
ecoli,double_center,ifdkm,3,44,1e-08,61.6071,59.8600,48.3339,0.0419
ecoli,double_center,ifdkm,4,45,1e-08,61.9048,59.8907,47.9715,0.0588
ecoli,double_center,ifdkm,5,46,1e-08,71.4286,58.8374,61.5324,0.0499
ecoli,double_center,ifdfd,1,42,1e-08,64.2857,60.6209,49.0737,0.1031
ecoli,double_center,ifdfd,2,43,1e-08,61.9048,60.7190,47.2789,0.0819
ecoli,double_center,ifdfd,3,44,1e-08,61.9048,60.7190,47.2789,0.0761
ecoli,double_center,ifdfd,4,45,1e-08,61.9048,60.9601,49.0386,0.0821
ecoli,double_center,ifdfd,5,46,1e-08,71.7262,59.0531,61.7025,0.0666
ecoli,False,kmeans,1,42,,64.2857,61.5451,50.3281,0.0262
ecoli,False,kmeans,2,43,,53.8690,59.9973,39.5973,0.0052
ecoli,False,kmeans,3,44,,57.4405,60.9431,48.3835,0.0023
ecoli,False,kmeans,4,45,,61.9048,63.3351,49.5071,0.0021
ecoli,False,kmeans,5,46,,56.2500,61.9385,41.4678,0.0018
ecoli,False,diskmeans,1,42,1e-08,66.0714,59.6735,49.2723,0.0051
ecoli,False,diskmeans,2,43,1e-08,62.2024,61.1550,48.9694,0.0101
ecoli,False,diskmeans,3,44,1e-08,61.3095,57.5958,45.8373,0.0077
ecoli,False,diskmeans,4,45,1e-08,62.7976,61.7966,49.5245,0.0093
ecoli,False,diskmeans,5,46,1e-08,63.6905,60.5945,47.9152,0.0058
ecoli,False,fdkm,1,42,10000.0,68.1548,62.6659,51.4603,0.0502
ecoli,False,fdkm,2,43,10000.0,67.8571,60.4134,52.3440,0.0269
ecoli,False,fdkm,3,44,10000.0,72.6190,66.2816,59.9628,0.0343
ecoli,False,fdkm,4,45,10000.0,65.4762,60.3591,50.2313,0.0368
ecoli,False,fdkm,5,46,10000.0,67.5595,60.4216,51.4839,0.0314
ecoli,False,ifdkm,1,42,1e-08,69.0476,58.1827,52.4459,0.0966
ecoli,False,ifdkm,2,43,1e-08,63.9881,61.2626,49.1457,0.0422
ecoli,False,ifdkm,3,44,1e-08,61.6071,59.8600,48.3339,0.0686
ecoli,False,ifdkm,4,45,1e-08,63.6905,60.5622,48.7907,0.0436
ecoli,False,ifdkm,5,46,1e-08,73.5119,59.6340,60.6851,0.0467
ecoli,False,ifdfd,1,42,1e-08,69.9405,60.8725,54.4186,0.1105
ecoli,False,ifdfd,2,43,1e-08,63.3929,61.2507,49.0042,0.0775
ecoli,False,ifdfd,3,44,1e-08,61.9048,60.7190,47.2789,0.0842
ecoli,False,ifdfd,4,45,1e-08,62.2024,61.6533,49.9728,0.1377
ecoli,False,ifdfd,5,46,1e-08,73.2143,60.5074,62.3256,0.0673
Breast_Cancer,center,kmeans,1,42,,85.4130,46.4793,49.1425,0.0660
Breast_Cancer,center,kmeans,2,43,,85.4130,46.4793,49.1425,0.0497
Breast_Cancer,center,kmeans,3,44,,85.4130,46.4793,49.1425,0.0539
Breast_Cancer,center,kmeans,4,45,,85.4130,46.4793,49.1425,0.0761
Breast_Cancer,center,kmeans,5,46,,85.4130,46.4793,49.1425,0.0454
Breast_Cancer,center,diskmeans,1,42,100000000.0,85.4130,46.4793,49.1425,0.0437
Breast_Cancer,center,diskmeans,2,43,100000000.0,85.4130,46.4793,49.1425,0.0247
Breast_Cancer,center,diskmeans,3,44,100000000.0,85.4130,46.4793,49.1425,0.0317
Breast_Cancer,center,diskmeans,4,45,100000000.0,85.4130,46.4793,49.1425,0.0407
Breast_Cancer,center,diskmeans,5,46,100000000.0,85.4130,46.4793,49.1425,0.0515
Breast_Cancer,center,fdkm,1,42,1.0,93.8489,69.6145,76.6674,0.1672
Breast_Cancer,center,fdkm,2,43,1.0,93.8489,69.6145,76.6674,0.1484
Breast_Cancer,center,fdkm,3,44,1.0,86.8190,42.7569,54.0470,0.0843
Breast_Cancer,center,fdkm,4,45,1.0,93.6731,67.1037,76.0652,0.0754
Breast_Cancer,center,fdkm,5,46,1.0,89.4552,50.8142,62.1245,0.1206
Breast_Cancer,center,ifdkm,1,42,100000000.0,85.4130,46.4793,49.1425,0.0268
Breast_Cancer,center,ifdkm,2,43,100000000.0,85.4130,46.4793,49.1425,0.0305
Breast_Cancer,center,ifdkm,3,44,100000000.0,85.4130,46.4793,49.1425,0.0395
Breast_Cancer,center,ifdkm,4,45,100000000.0,85.4130,46.4793,49.1425,0.0273
Breast_Cancer,center,ifdkm,5,46,100000000.0,85.4130,46.4793,49.1425,0.0344
Breast_Cancer,center,ifdfd,1,42,100000000.0,85.4130,46.4793,49.1425,0.0751
Breast_Cancer,center,ifdfd,2,43,100000000.0,85.4130,46.4793,49.1425,0.0378
Breast_Cancer,center,ifdfd,3,44,100000000.0,85.4130,46.4793,49.1425,0.0504
Breast_Cancer,center,ifdfd,4,45,100000000.0,85.4130,46.4793,49.1425,0.0356
Breast_Cancer,center,ifdfd,5,46,100000000.0,85.4130,46.4793,49.1425,0.0556
Breast_Cancer,standardize,kmeans,1,42,,91.2127,56.2021,67.6505,0.0107
Breast_Cancer,standardize,kmeans,2,43,,90.5097,53.2408,65.3625,0.0304
Breast_Cancer,standardize,kmeans,3,44,,91.2127,56.2021,67.6505,0.0443
Breast_Cancer,standardize,kmeans,4,45,,90.5097,53.2408,65.3625,0.0245
Breast_Cancer,standardize,kmeans,5,46,,91.2127,56.2021,67.6505,0.0276
Breast_Cancer,standardize,diskmeans,1,42,100.0,94.2004,69.4550,77.9397,0.0486
Breast_Cancer,standardize,diskmeans,2,43,100.0,92.6186,60.7668,72.4473,0.0673
Breast_Cancer,standardize,diskmeans,3,44,100.0,94.5518,72.0425,79.1928,0.0707
Breast_Cancer,standardize,diskmeans,4,45,100.0,94.2004,69.4550,77.9397,0.0707
Breast_Cancer,standardize,diskmeans,5,46,100.0,94.5518,72.0425,79.1928,0.0699
Breast_Cancer,standardize,fdkm,1,42,10000.0,91.2127,55.8670,67.6698,0.0458
Breast_Cancer,standardize,fdkm,2,43,10000.0,91.2127,55.8670,67.6698,0.0438
Breast_Cancer,standardize,fdkm,3,44,10000.0,91.2127,55.8670,67.6698,0.0548
Breast_Cancer,standardize,fdkm,4,45,10000.0,91.2127,55.8670,67.6698,0.0400
Breast_Cancer,standardize,fdkm,5,46,10000.0,91.2127,55.8670,67.6698,0.0537
Breast_Cancer,standardize,ifdkm,1,42,100.0,94.2004,69.4550,77.9397,0.0889
Breast_Cancer,standardize,ifdkm,2,43,100.0,92.6186,60.7668,72.4473,0.1332
Breast_Cancer,standardize,ifdkm,3,44,100.0,90.3339,58.0357,64.5924,0.1486
Breast_Cancer,standardize,ifdkm,4,45,100.0,94.2004,69.4550,77.9397,0.0680
Breast_Cancer,standardize,ifdkm,5,46,100.0,94.5518,72.0425,79.1928,0.1106
Breast_Cancer,standardize,ifdfd,1,42,100.0,94.3761,71.4243,78.5581,0.2197
Breast_Cancer,standardize,ifdfd,2,43,100.0,94.3761,71.4243,78.5581,0.1736
Breast_Cancer,standardize,ifdfd,3,44,100.0,94.3761,71.4243,78.5581,0.1646
Breast_Cancer,standardize,ifdfd,4,45,100.0,94.3761,71.4243,78.5581,0.0838
Breast_Cancer,standardize,ifdfd,5,46,100.0,94.3761,71.4243,78.5581,0.1487
Breast_Cancer,pca_whiten,kmeans,1,42,,62.9174,0.5162,0.2403,0.0381
Breast_Cancer,pca_whiten,kmeans,2,43,,81.1951,29.4889,37.8499,0.0659
Breast_Cancer,pca_whiten,kmeans,3,44,,63.7961,2.9231,1.4754,0.0229
Breast_Cancer,pca_whiten,kmeans,4,45,,63.0931,0.5144,0.9422,0.0286
Breast_Cancer,pca_whiten,kmeans,5,46,,66.0808,5.3887,9.7028,0.0482
Breast_Cancer,pca_whiten,diskmeans,1,42,1e-08,73.4622,13.9144,21.4615,0.0323
Breast_Cancer,pca_whiten,diskmeans,2,43,1e-08,58.8752,2.5473,2.9909,0.0619
Breast_Cancer,pca_whiten,diskmeans,3,44,1e-08,65.5536,5.9607,9.3742,0.0603
Breast_Cancer,pca_whiten,diskmeans,4,45,1e-08,72.5835,15.7315,20.2523,0.0390
Breast_Cancer,pca_whiten,diskmeans,5,46,1e-08,58.3480,2.0858,2.6249,0.0448
Breast_Cancer,pca_whiten,fdkm,1,42,1e-08,93.8489,69.6145,76.6674,0.1305
Breast_Cancer,pca_whiten,fdkm,2,43,1e-08,68.7170,9.2180,13.7375,0.0978
Breast_Cancer,pca_whiten,fdkm,3,44,1e-08,64.8506,5.8772,8.6047,0.0934
Breast_Cancer,pca_whiten,fdkm,4,45,1e-08,52.8998,0.0755,0.0992,0.0704
Breast_Cancer,pca_whiten,fdkm,5,46,1e-08,62.5659,4.0106,6.0886,0.0680
Breast_Cancer,pca_whiten,ifdkm,1,42,1e-08,73.2865,13.2061,20.8582,0.0975
Breast_Cancer,pca_whiten,ifdkm,2,43,1e-08,60.6327,3.6591,4.3646,0.0799
Breast_Cancer,pca_whiten,ifdkm,3,44,1e-08,64.1476,4.7146,7.6844,0.1463
Breast_Cancer,pca_whiten,ifdkm,4,45,1e-08,64.6749,5.8291,8.4091,0.0834
Breast_Cancer,pca_whiten,ifdkm,5,46,1e-08,59.4025,2.6158,3.3729,0.1070
Breast_Cancer,pca_whiten,ifdfd,1,42,1000000.0,50.4394,0.0237,-0.1642,0.1534
Breast_Cancer,pca_whiten,ifdfd,2,43,1000000.0,57.1178,1.9540,1.8465,0.0462
Breast_Cancer,pca_whiten,ifdfd,3,44,1000000.0,55.7118,0.8418,1.1301,0.0791
Breast_Cancer,pca_whiten,ifdfd,4,45,1000000.0,62.7417,4.3525,6.2957,0.0794
Breast_Cancer,pca_whiten,ifdfd,5,46,1000000.0,62.3902,3.8558,5.9080,0.0751
Breast_Cancer,l2_sample,kmeans,1,42,,88.5764,50.4030,58.9688,0.0704
Breast_Cancer,l2_sample,kmeans,2,43,,88.5764,50.4030,58.9688,0.0438
Breast_Cancer,l2_sample,kmeans,3,44,,88.7522,51.3248,59.5119,0.0266
Breast_Cancer,l2_sample,kmeans,4,45,,88.5764,50.4030,58.9688,0.0456
Breast_Cancer,l2_sample,kmeans,5,46,,88.5764,50.4030,58.9688,0.0367
Breast_Cancer,l2_sample,diskmeans,1,42,1.0,90.5097,55.7883,65.2401,0.0191
Breast_Cancer,l2_sample,diskmeans,2,43,1.0,90.5097,55.7883,65.2401,0.0201
Breast_Cancer,l2_sample,diskmeans,3,44,1.0,90.5097,55.7883,65.2401,0.0408
Breast_Cancer,l2_sample,diskmeans,4,45,1.0,90.5097,55.7883,65.2401,0.0445
Breast_Cancer,l2_sample,diskmeans,5,46,1.0,90.5097,55.7883,65.2401,0.0332
Breast_Cancer,l2_sample,fdkm,1,42,1e-08,94.3761,67.7203,78.6205,0.0935
Breast_Cancer,l2_sample,fdkm,2,43,1e-08,93.6731,65.0164,76.1145,0.0890
Breast_Cancer,l2_sample,fdkm,3,44,1e-08,50.0879,0.7926,-0.9474,0.0643
Breast_Cancer,l2_sample,fdkm,4,45,1e-08,56.7663,0.2835,1.0625,0.0754
Breast_Cancer,l2_sample,fdkm,5,46,1e-08,94.3761,67.7203,78.6205,0.1171
Breast_Cancer,l2_sample,ifdkm,1,42,1.0,90.5097,55.7883,65.2401,0.0460
Breast_Cancer,l2_sample,ifdkm,2,43,1.0,90.5097,55.7883,65.2401,0.0579
Breast_Cancer,l2_sample,ifdkm,3,44,1.0,90.5097,55.7883,65.2401,0.0604
Breast_Cancer,l2_sample,ifdkm,4,45,1.0,90.5097,55.7883,65.2401,0.0651
Breast_Cancer,l2_sample,ifdkm,5,46,1.0,90.5097,55.7883,65.2401,0.0525
Breast_Cancer,l2_sample,ifdfd,1,42,1.0,90.3339,55.2774,64.6588,0.0752
Breast_Cancer,l2_sample,ifdfd,2,43,1.0,90.3339,55.2774,64.6588,0.0905
Breast_Cancer,l2_sample,ifdfd,3,44,1.0,90.3339,55.2774,64.6588,0.0825
Breast_Cancer,l2_sample,ifdfd,4,45,1.0,90.3339,55.2774,64.6588,0.0863
Breast_Cancer,l2_sample,ifdfd,5,46,1.0,90.3339,55.2774,64.6588,0.0822
Breast_Cancer,center_l2,kmeans,1,42,,90.6854,54.7685,65.8811,0.0356
Breast_Cancer,center_l2,kmeans,2,43,,90.6854,54.7685,65.8811,0.0521
Breast_Cancer,center_l2,kmeans,3,44,,90.6854,54.7685,65.8811,0.0639
Breast_Cancer,center_l2,kmeans,4,45,,90.6854,54.7685,65.8811,0.0426
Breast_Cancer,center_l2,kmeans,5,46,,90.6854,54.7685,65.8811,0.0629
Breast_Cancer,center_l2,diskmeans,1,42,100.0,90.6854,54.5504,65.8919,0.0722
Breast_Cancer,center_l2,diskmeans,2,43,100.0,90.6854,54.5504,65.8919,0.0243
Breast_Cancer,center_l2,diskmeans,3,44,100.0,90.6854,54.5504,65.8919,0.0216
Breast_Cancer,center_l2,diskmeans,4,45,100.0,90.6854,54.5504,65.8919,0.0234
Breast_Cancer,center_l2,diskmeans,5,46,100.0,90.6854,54.5504,65.8919,0.0169
Breast_Cancer,center_l2,fdkm,1,42,100.0,90.6854,54.5504,65.8919,0.0273
Breast_Cancer,center_l2,fdkm,2,43,100.0,90.6854,54.5504,65.8919,0.0236
Breast_Cancer,center_l2,fdkm,3,44,100.0,90.6854,54.5504,65.8919,0.0324
Breast_Cancer,center_l2,fdkm,4,45,100.0,90.6854,54.5504,65.8919,0.0247
Breast_Cancer,center_l2,fdkm,5,46,100.0,90.6854,54.5504,65.8919,0.0309
Breast_Cancer,center_l2,ifdkm,1,42,100.0,90.6854,54.5504,65.8919,0.0364
Breast_Cancer,center_l2,ifdkm,2,43,100.0,90.6854,54.5504,65.8919,0.0396
Breast_Cancer,center_l2,ifdkm,3,44,100.0,90.6854,54.5504,65.8919,0.0452
Breast_Cancer,center_l2,ifdkm,4,45,100.0,90.6854,54.5504,65.8919,0.0476
Breast_Cancer,center_l2,ifdkm,5,46,100.0,90.6854,54.5504,65.8919,0.0590
Breast_Cancer,center_l2,ifdfd,1,42,100.0,90.6854,54.5504,65.8919,0.0603
Breast_Cancer,center_l2,ifdfd,2,43,100.0,90.6854,54.5504,65.8919,0.0672
Breast_Cancer,center_l2,ifdfd,3,44,100.0,90.6854,54.5504,65.8919,0.0639
Breast_Cancer,center_l2,ifdfd,4,45,100.0,90.6854,54.5504,65.8919,0.0559
Breast_Cancer,center_l2,ifdfd,5,46,100.0,90.6854,54.5504,65.8919,0.0609
Breast_Cancer,frobenius,kmeans,1,42,,85.4130,46.4793,49.1425,0.0273
Breast_Cancer,frobenius,kmeans,2,43,,85.4130,46.4793,49.1425,0.0322
Breast_Cancer,frobenius,kmeans,3,44,,85.4130,46.4793,49.1425,0.0416
Breast_Cancer,frobenius,kmeans,4,45,,85.4130,46.4793,49.1425,0.0552
Breast_Cancer,frobenius,kmeans,5,46,,85.4130,46.4793,49.1425,0.0408
Breast_Cancer,frobenius,diskmeans,1,42,1000000.0,90.6854,54.7685,65.8811,0.0419
Breast_Cancer,frobenius,diskmeans,2,43,1000000.0,90.6854,54.7685,65.8811,0.0205
Breast_Cancer,frobenius,diskmeans,3,44,1000000.0,90.6854,54.7685,65.8811,0.0275
Breast_Cancer,frobenius,diskmeans,4,45,1000000.0,90.6854,54.5504,65.8919,0.0205
Breast_Cancer,frobenius,diskmeans,5,46,1000000.0,90.6854,54.7685,65.8811,0.0252
Breast_Cancer,frobenius,fdkm,1,42,100.0,85.9402,47.7085,50.7140,0.0404
Breast_Cancer,frobenius,fdkm,2,43,100.0,85.9402,47.7085,50.7140,0.0387
Breast_Cancer,frobenius,fdkm,3,44,100.0,85.9402,47.7085,50.7140,0.0618
Breast_Cancer,frobenius,fdkm,4,45,100.0,85.9402,47.7085,50.7140,0.0415
Breast_Cancer,frobenius,fdkm,5,46,100.0,85.9402,47.7085,50.7140,0.0405
Breast_Cancer,frobenius,ifdkm,1,42,1.0,85.4130,46.4793,49.1425,0.0403
Breast_Cancer,frobenius,ifdkm,2,43,1.0,85.4130,46.4793,49.1425,0.0283
Breast_Cancer,frobenius,ifdkm,3,44,1.0,85.4130,46.4793,49.1425,0.0424
Breast_Cancer,frobenius,ifdkm,4,45,1.0,85.4130,46.4793,49.1425,0.0206
Breast_Cancer,frobenius,ifdkm,5,46,1.0,85.4130,46.4793,49.1425,0.0405
Breast_Cancer,frobenius,ifdfd,1,42,100.0,85.9402,47.7085,50.7140,0.0698
Breast_Cancer,frobenius,ifdfd,2,43,100.0,85.4130,46.4793,49.1425,0.0622
Breast_Cancer,frobenius,ifdfd,3,44,100.0,85.2373,46.0740,48.6230,0.1010
Breast_Cancer,frobenius,ifdfd,4,45,100.0,85.2373,46.0740,48.6230,0.0696
Breast_Cancer,frobenius,ifdfd,5,46,100.0,85.5888,46.8868,49.6641,0.0524
Breast_Cancer,robust,kmeans,1,42,,89.8067,54.2076,62.9146,0.0363
Breast_Cancer,robust,kmeans,2,43,,89.6309,52.8825,62.3699,0.0544
Breast_Cancer,robust,kmeans,3,44,,89.2794,52.7488,61.2032,0.0435
Breast_Cancer,robust,kmeans,4,45,,89.6309,52.8825,62.3699,0.0349
Breast_Cancer,robust,kmeans,5,46,,89.6309,52.8825,62.3699,0.0321
Breast_Cancer,robust,diskmeans,1,42,10000.0,90.6854,55.2858,65.8588,0.0391
Breast_Cancer,robust,diskmeans,2,43,10000.0,90.8612,57.2400,66.3975,0.0402
Breast_Cancer,robust,diskmeans,3,44,10000.0,90.6854,55.2858,65.8588,0.0437
Breast_Cancer,robust,diskmeans,4,45,10000.0,90.8612,55.8178,66.4436,0.0365
Breast_Cancer,robust,diskmeans,5,46,10000.0,91.7399,59.8989,69.3614,0.0381
Breast_Cancer,robust,fdkm,1,42,10000.0,90.8612,57.2400,66.3975,0.0531
Breast_Cancer,robust,fdkm,2,43,10000.0,90.8612,57.2400,66.3975,0.0555
Breast_Cancer,robust,fdkm,3,44,10000.0,90.8612,57.2400,66.3975,0.0667
Breast_Cancer,robust,fdkm,4,45,10000.0,90.8612,57.2400,66.3975,0.0533
Breast_Cancer,robust,fdkm,5,46,10000.0,90.8612,57.2400,66.3975,0.0537
Breast_Cancer,robust,ifdkm,1,42,10000.0,90.6854,56.7232,65.8114,0.0702
Breast_Cancer,robust,ifdkm,2,43,10000.0,90.5097,56.2112,65.2276,0.0492
Breast_Cancer,robust,ifdkm,3,44,10000.0,90.6854,56.7232,65.8114,0.0534
Breast_Cancer,robust,ifdkm,4,45,10000.0,90.5097,56.2112,65.2276,0.0593
Breast_Cancer,robust,ifdkm,5,46,10000.0,90.6854,56.7232,65.8114,0.0664
Breast_Cancer,robust,ifdfd,1,42,10000.0,90.8612,57.2400,66.3975,0.1001
Breast_Cancer,robust,ifdfd,2,43,10000.0,90.8612,57.2400,66.3975,0.0725
Breast_Cancer,robust,ifdfd,3,44,10000.0,90.8612,57.2400,66.3975,0.1001
Breast_Cancer,robust,ifdfd,4,45,10000.0,90.8612,57.2400,66.3975,0.0801
Breast_Cancer,robust,ifdfd,5,46,10000.0,90.8612,57.2400,66.3975,0.0839
Breast_Cancer,minmax,kmeans,1,42,,92.7944,62.3086,73.0175,0.0768
Breast_Cancer,minmax,kmeans,2,43,,92.7944,62.3086,73.0175,0.0193
Breast_Cancer,minmax,kmeans,3,44,,92.7944,62.3086,73.0175,0.0263
Breast_Cancer,minmax,kmeans,4,45,,92.7944,62.3086,73.0175,0.0225
Breast_Cancer,minmax,kmeans,5,46,,92.7944,62.3086,73.0175,0.0415
Breast_Cancer,minmax,diskmeans,1,42,10000.0,92.4429,60.6448,71.8169,0.0328
Breast_Cancer,minmax,diskmeans,2,43,10000.0,92.4429,60.6448,71.8169,0.0253
Breast_Cancer,minmax,diskmeans,3,44,10000.0,92.4429,60.6448,71.8169,0.0516
Breast_Cancer,minmax,diskmeans,4,45,10000.0,92.4429,60.6448,71.8169,0.0408
Breast_Cancer,minmax,diskmeans,5,46,10000.0,92.4429,60.6448,71.8169,0.0317
Breast_Cancer,minmax,fdkm,1,42,10000.0,92.4429,60.6448,71.8169,0.0310
Breast_Cancer,minmax,fdkm,2,43,10000.0,92.4429,60.6448,71.8169,0.0310
Breast_Cancer,minmax,fdkm,3,44,10000.0,92.4429,60.6448,71.8169,0.0311
Breast_Cancer,minmax,fdkm,4,45,10000.0,92.4429,60.6448,71.8169,0.0310
Breast_Cancer,minmax,fdkm,5,46,10000.0,92.4429,60.6448,71.8169,0.0384
Breast_Cancer,minmax,ifdkm,1,42,10000.0,92.7944,63.2747,72.9923,0.0548
Breast_Cancer,minmax,ifdkm,2,43,10000.0,92.7944,63.2747,72.9923,0.0689
Breast_Cancer,minmax,ifdkm,3,44,10000.0,92.7944,63.2747,72.9923,0.0652
Breast_Cancer,minmax,ifdkm,4,45,10000.0,92.7944,63.2747,72.9923,0.0562
Breast_Cancer,minmax,ifdkm,5,46,10000.0,92.7944,63.2747,72.9923,0.0613
Breast_Cancer,minmax,ifdfd,1,42,10000.0,92.6186,61.4627,72.4159,0.0636
Breast_Cancer,minmax,ifdfd,2,43,10000.0,93.1459,64.0977,74.2286,0.0906
Breast_Cancer,minmax,ifdfd,3,44,10000.0,93.1459,64.0977,74.2286,0.0920
Breast_Cancer,minmax,ifdfd,4,45,10000.0,93.1459,64.0977,74.2286,0.0832
Breast_Cancer,minmax,ifdfd,5,46,10000.0,93.1459,64.0977,74.2286,0.0843
Breast_Cancer,row_center,kmeans,1,42,,85.2373,46.0740,48.6230,0.0686
Breast_Cancer,row_center,kmeans,2,43,,85.2373,46.0740,48.6230,0.0277
Breast_Cancer,row_center,kmeans,3,44,,85.2373,46.0740,48.6230,0.0421
Breast_Cancer,row_center,kmeans,4,45,,85.2373,46.0740,48.6230,0.0697
Breast_Cancer,row_center,kmeans,5,46,,85.2373,46.0740,48.6230,0.0443
Breast_Cancer,row_center,diskmeans,1,42,100000000.0,85.2373,46.0740,48.6230,0.0422
Breast_Cancer,row_center,diskmeans,2,43,100000000.0,85.2373,46.0740,48.6230,0.0283
Breast_Cancer,row_center,diskmeans,3,44,100000000.0,85.2373,46.0740,48.6230,0.0292
Breast_Cancer,row_center,diskmeans,4,45,100000000.0,85.2373,46.0740,48.6230,0.0336
Breast_Cancer,row_center,diskmeans,5,46,100000000.0,85.2373,46.0740,48.6230,0.0570
Breast_Cancer,row_center,fdkm,1,42,1.0,91.3884,58.8198,68.1691,0.0996
Breast_Cancer,row_center,fdkm,2,43,1.0,92.2671,63.0512,71.1373,0.1301
Breast_Cancer,row_center,fdkm,3,44,1.0,59.0510,1.0845,2.6594,0.0845
Breast_Cancer,row_center,fdkm,4,45,1.0,91.3884,58.8198,68.1691,0.0885
Breast_Cancer,row_center,fdkm,5,46,1.0,77.8559,24.1785,30.8918,0.0737
Breast_Cancer,row_center,ifdkm,1,42,100000000.0,85.2373,46.0740,48.6230,0.0272
Breast_Cancer,row_center,ifdkm,2,43,100000000.0,85.2373,46.0740,48.6230,0.0205
Breast_Cancer,row_center,ifdkm,3,44,100000000.0,85.2373,46.0740,48.6230,0.0324
Breast_Cancer,row_center,ifdkm,4,45,100000000.0,85.2373,46.0740,48.6230,0.0296
Breast_Cancer,row_center,ifdkm,5,46,100000000.0,85.2373,46.0740,48.6230,0.0652
Breast_Cancer,row_center,ifdfd,1,42,100000000.0,85.2373,46.0740,48.6230,0.0566
Breast_Cancer,row_center,ifdfd,2,43,100000000.0,85.2373,46.0740,48.6230,0.0469
Breast_Cancer,row_center,ifdfd,3,44,100000000.0,85.2373,46.0740,48.6230,0.0787
Breast_Cancer,row_center,ifdfd,4,45,100000000.0,85.2373,46.0740,48.6230,0.0335
Breast_Cancer,row_center,ifdfd,5,46,100000000.0,85.2373,46.0740,48.6230,0.0704
Breast_Cancer,double_center,kmeans,1,42,,85.2373,46.0740,48.6230,0.0663
Breast_Cancer,double_center,kmeans,2,43,,85.2373,46.0740,48.6230,0.0384
Breast_Cancer,double_center,kmeans,3,44,,85.2373,46.0740,48.6230,0.0710
Breast_Cancer,double_center,kmeans,4,45,,85.2373,46.0740,48.6230,0.0346
Breast_Cancer,double_center,kmeans,5,46,,85.2373,46.0740,48.6230,0.0300
Breast_Cancer,double_center,diskmeans,1,42,10000.0,83.6555,42.5161,44.0460,0.0575
Breast_Cancer,double_center,diskmeans,2,43,10000.0,86.8190,49.8036,53.3769,0.0496
Breast_Cancer,double_center,diskmeans,3,44,10000.0,86.8190,49.8036,53.3769,0.0557
Breast_Cancer,double_center,diskmeans,4,45,10000.0,83.4798,42.1301,43.5484,0.0451
Breast_Cancer,double_center,diskmeans,5,46,10000.0,86.8190,49.8036,53.3769,0.0535
Breast_Cancer,double_center,fdkm,1,42,1.0,93.6731,69.0253,76.0417,0.1282
Breast_Cancer,double_center,fdkm,2,43,1.0,93.6731,69.0253,76.0417,0.1743
Breast_Cancer,double_center,fdkm,3,44,1.0,93.6731,69.0253,76.0417,0.1061
Breast_Cancer,double_center,fdkm,4,45,1.0,93.6731,67.1037,76.0652,0.1033
Breast_Cancer,double_center,fdkm,5,46,1.0,93.6731,69.0253,76.0417,0.1469
Breast_Cancer,double_center,ifdkm,1,42,100000000.0,85.2373,46.0740,48.6230,0.0469
Breast_Cancer,double_center,ifdkm,2,43,100000000.0,85.2373,46.0740,48.6230,0.0410
Breast_Cancer,double_center,ifdkm,3,44,100000000.0,85.2373,46.0740,48.6230,0.0331
Breast_Cancer,double_center,ifdkm,4,45,100000000.0,85.2373,46.0740,48.6230,0.0325
Breast_Cancer,double_center,ifdkm,5,46,100000000.0,85.2373,46.0740,48.6230,0.0483
Breast_Cancer,double_center,ifdfd,1,42,100000000.0,85.2373,46.0740,48.6230,0.0549
Breast_Cancer,double_center,ifdfd,2,43,100000000.0,85.2373,46.0740,48.6230,0.0496
Breast_Cancer,double_center,ifdfd,3,44,100000000.0,85.2373,46.0740,48.6230,0.0432
Breast_Cancer,double_center,ifdfd,4,45,100000000.0,85.2373,46.0740,48.6230,0.0545
Breast_Cancer,double_center,ifdfd,5,46,100000000.0,85.2373,46.0740,48.6230,0.0430
Breast_Cancer,False,kmeans,1,42,,85.4130,46.4793,49.1425,0.0378
Breast_Cancer,False,kmeans,2,43,,85.4130,46.4793,49.1425,0.0700
Breast_Cancer,False,kmeans,3,44,,85.4130,46.4793,49.1425,0.0330
Breast_Cancer,False,kmeans,4,45,,85.4130,46.4793,49.1425,0.0534
Breast_Cancer,False,kmeans,5,46,,85.4130,46.4793,49.1425,0.0706
Breast_Cancer,False,diskmeans,1,42,100000000.0,85.2373,46.0740,48.6230,0.0859
Breast_Cancer,False,diskmeans,2,43,100000000.0,85.2373,46.0740,48.6230,0.0426
Breast_Cancer,False,diskmeans,3,44,100000000.0,85.2373,46.0740,48.6230,0.0313
Breast_Cancer,False,diskmeans,4,45,100000000.0,85.2373,46.0740,48.6230,0.0762
Breast_Cancer,False,diskmeans,5,46,100000000.0,85.2373,46.0740,48.6230,0.0414
Breast_Cancer,False,fdkm,1,42,100000000.0,85.2373,46.0740,48.6230,0.0319
Breast_Cancer,False,fdkm,2,43,100000000.0,85.2373,46.0740,48.6230,0.0484
Breast_Cancer,False,fdkm,3,44,100000000.0,85.2373,46.0740,48.6230,0.0308
Breast_Cancer,False,fdkm,4,45,100000000.0,85.2373,46.0740,48.6230,0.0345
Breast_Cancer,False,fdkm,5,46,100000000.0,85.2373,46.0740,48.6230,0.0362
Breast_Cancer,False,ifdkm,1,42,100000000.0,85.2373,46.0740,48.6230,0.0271
Breast_Cancer,False,ifdkm,2,43,100000000.0,85.2373,46.0740,48.6230,0.0367
Breast_Cancer,False,ifdkm,3,44,100000000.0,85.2373,46.0740,48.6230,0.0324
Breast_Cancer,False,ifdkm,4,45,100000000.0,85.2373,46.0740,48.6230,0.0246
Breast_Cancer,False,ifdkm,5,46,100000000.0,85.2373,46.0740,48.6230,0.0271
Breast_Cancer,False,ifdfd,1,42,100000000.0,85.2373,46.0740,48.6230,0.0505
Breast_Cancer,False,ifdfd,2,43,100000000.0,85.2373,46.0740,48.6230,0.0462
Breast_Cancer,False,ifdfd,3,44,100000000.0,85.2373,46.0740,48.6230,0.0525
Breast_Cancer,False,ifdfd,4,45,100000000.0,85.2373,46.0740,48.6230,0.0510
Breast_Cancer,False,ifdfd,5,46,100000000.0,85.2373,46.0740,48.6230,0.0502
